{"test_std_mse": 0.035938755856577534, "underlying_loc_mse": 0.1463940590620041, "underlying_scale_mse": 0.048004837280214416}