{"calibration": 1.5000000000000002, "calib_std_mean": 0.5905483360053189, "calib_std_std": 0.2438636573311361, "loss": 0.7880392074584961, "val_loss": 0.544892430305481}