{"test_std_mse": 0.05782217629607491, "underlying_loc_mse": 0.23000839352607727, "underlying_scale_mse": 0.07557836663788627}