{"calibration": 1.1, "calib_std_mean": 0.66992838715083, "calib_std_std": 0.33452987084019853, "loss": 1.0451208353042603, "val_loss": 0.8236538767814636}