{"test_std_mse": 0.0405003339283632, "underlying_loc_mse": 0.09159313142299652, "underlying_scale_mse": 0.05472088785694738}