{"calibration": 1.9000000000000001, "calib_std_mean": 0.5587290322371333, "calib_std_std": 0.27911456672419527, "loss": 0.6435469388961792, "val_loss": 0.4361039698123932}