{"test_std_mse": 5.965789544568282, "underlying_loc_mse": 1.1986722946166992, "underlying_scale_mse": 4.815744453457326}