{"calibration": 8.3, "calib_std_mean": 4.85521153009598, "calib_std_std": 1.4787280691020113, "loss": 48.756431579589844, "val_loss": 31.384017944335938}