{"test_std_mse": 0.08649271339212135, "underlying_loc_mse": 0.3579285740852356, "underlying_scale_mse": 0.11076179463696359}