{"calibration": 1.4000000000000001, "calib_std_mean": 0.7455125654502686, "calib_std_std": 0.34921511161202096, "loss": 1.0398563146591187, "val_loss": 1.0199390649795532}