{"test_std_mse": 0.9626546848762955, "underlying_loc_mse": 0.13294057548046112, "underlying_scale_mse": 0.8908633171227363}