{"calibration": 1.0, "calib_std_mean": 1.5137280649545608, "calib_std_std": 0.22440932660397656, "loss": 2.836747407913208, "val_loss": 2.443873882293701}