{"test_std_mse": 0.04483123812755592, "underlying_loc_mse": 0.12443165481090546, "underlying_scale_mse": 0.05171739197677159}