{"calibration": 5.800000000000004, "calib_std_mean": 0.4930819389049184, "calib_std_std": 0.2273938198988767, "loss": 0.5257565379142761, "val_loss": 0.3594478666782379}