{"test_std_mse": 7.827612963657557, "underlying_loc_mse": 3.181912422180176, "underlying_scale_mse": 5.431552568097236}