{"calibration": 13.300000000000011, "calib_std_mean": 5.061362184973483, "calib_std_std": 2.020994330535251, "loss": 48.55381393432617, "val_loss": 31.568845748901367}