{"test_std_mse": 0.047713694802415156, "underlying_loc_mse": 0.08750225603580475, "underlying_scale_mse": 0.059435084882225576}