{"calibration": 2.7000000000000015, "calib_std_mean": 0.6241483162820083, "calib_std_std": 0.28842751274457656, "loss": 0.5716506242752075, "val_loss": 0.38779041171073914}