{"test_std_mse": 0.04087545926147816, "underlying_loc_mse": 0.15520870685577393, "underlying_scale_mse": 0.05751837570983724}