{"calibration": 4.2, "calib_std_mean": 0.5188959423399524, "calib_std_std": 0.14295875075328482, "loss": 0.5482475757598877, "val_loss": 0.3770301342010498}