{"test_std_mse": 0.09618660617119645, "underlying_loc_mse": 0.05699657276272774, "underlying_scale_mse": 0.07505410039272638}