{"calibration": 0.4, "calib_std_mean": 0.7417596201489991, "calib_std_std": 0.09895038098861579, "loss": 4.006731033325195, "val_loss": 4.203863620758057}