{"test_std_mse": 0.045371201260240836, "underlying_loc_mse": 0.09425163269042969, "underlying_scale_mse": 0.053208825105061905}