{"calibration": 3.2, "calib_std_mean": 0.4878807523884355, "calib_std_std": 0.14774160616556944, "loss": 0.5448423624038696, "val_loss": 0.3398476839065552}